driver,value,basis,challenge,evidence_to_change,status
2026 revenue,8154 USD millions,August3 management guidance midpoint,Guidance could miss,Next reported quarterly sales and updated guidance,provisional
Commercial growth,55/40/30/22 percent base 2027-30,Analyst adoption deceleration path,Deployment conversion may saturate,Realized cohort expansion and bookings conversion,provisional
Government growth,35/28/22/17 percent base 2027-30,Analyst procurement path,Budget delays and cancellations,Funded awards and reported government sales,provisional
Operating margin,46/46/45/43/40 percent,Retains ongoing compensation burden,Scale may not offset personnel costs,GAAP margin and SBC payroll evidence,provisional
Tax,25 percent,Normalized combined tax assumption,Tax assets may delay payments,Cash taxes and tax-footnote releases,provisional
NWC,4 percent revenue base,AR20 plus prepaid2 less accrual5 less contract13 percent,Receivable concentration can worsen,Collection aging and cash conversion,provisional
Capex,1.2 percent revenue,Explicit reinvestment cushion above recent asset-light spend,AI infrastructure could require more,Reported capex and hosting commitments,LOCKED change to2.0 percent remains unexecuted
Terminal ROIC,25 percent,Analyst mature capital efficiency,Intangible reinvestment may be understated,Capitalized R&D and acquisition-adjusted returns,provisional
Terminal margin,35 percent base,Lower than explicit peak,2030 may not be mature,Longer fade alternatives and competitive pricing,provisional
WACC,10.56 percent base,5.31 riskfree plus assumed beta1.25 times ERP4.2,Risk beta is judgment not measured regression,Operating beta estimation and investment committee judgment,provisional
Opex split,45/25/30 percent operating cost,Presentation allocation SM/RD/GA,Allocation is not a separate operational forecast,Updated disclosed expense mix,qualified
Lease convention,Operating treatment,Expense remains in EBIT,Static ROU and noncurrent lease balance simplify growth,Lease schedule and incremental office commitments,qualified
