wacc,growth,per_share,terminal_share
0.08,0.02,38.55671153231883,0.7888689244433871
0.08,0.03,42.89787890564205,0.8124100894792531
0.08,0.04,49.374733121789895,0.8391655516424551
0.09,0.02,33.57952224503308,0.7595522259043898
0.09,0.03,36.4337147519599,0.7806881808489954
0.09,0.04,40.402736314223866,0.8045761326261248
0.105,0.02,28.306320533442555,0.718183380482177
0.105,0.03,29.961663376130677,0.7361272313304733
0.105,0.04,32.106852570226486,0.7562407391705154
0.12,0.02,24.612241560554917,0.6796942136303253
0.12,0.03,25.63988249677678,0.6948795315102192
0.12,0.04,26.90947770258775,0.7117619364266529
0.13,0.02,22.708008796599408,0.6555095980018013
0.13,0.03,23.47581897106107,0.6690654592774734
0.13,0.04,24.40145097310648,0.6840536045167935
